{"cameraMode":{"drawMode":0,"name":"Shaded","section":"Shading Mode"},"sceneLighting":true,"audioPlay":false,"sceneViewState":{"m_AlwaysRefresh":false,"showFog":true,"showSkybox":true,"showFlares":true,"showImageEffects":true,"showParticleSystems":true,"showVisualEffectGraphs":true,"m_FxEnabled":true},"in2DMode":false,"pivot":{"x":0.9490368366241455,"y":1.4432498216629029,"z":5.552182197570801},"rotation":{"x":-0.03178119286894798,"y":-0.03837410733103752,"z":0.0012210962595418096,"w":-0.9987592101097107},"size":8.320784568786621,"orthographic":false}